"","X","pert_iname","sRGES","n","medRGES","sd","p","rank"
"1557",1557,"ivermectin",-0.474726847794332,14,-0.473762781186094,0.0970697669602823,0.0339,1557
"1659",1659,"selamectin",-0.464886162235855,15,-0.538773006134969,0.280948956225487,0.0391,1659
"1730",1730,"nitazoxanide",-0.456710487876132,7,-0.458323108384458,0.209984037635974,0.043,1730
"4287",4287,"fipronil",-0.25829754601227,8,-0.307709611451943,0.272248132660548,0.2617,4287
