"","X","pert_iname","sRGES","n","medRGES","sd","p","rank"
"976",976,"ionomycin",-0.655157208588957,4,-0.68976226993865,0.123323638830976,0.0038,976
"1432",1432,"A-23187",-0.60383128023331,18,-0.702926891615542,0.309399282304931,0.0089,1432
